Num,ID,CODIGO_ID,ANO,DESAGREGAÇÃO,ESPVIDA,FECTOT,MORT1,MORT5,SOBRE40,SOBRE60,RAZDEP,T_ENV,E_ANOSESTUDO,T_ANALF11A14,T_ANALF15A17,T_ANALF15M,T_ANALF18A24,T_ANALF18M,T_ANALF25A29,T_ANALF25M,T_ATRASO_2_BASICO,T_ATRASO_2_FUND,T_FBBAS,T_FBBAS_tudo,T_FBFUND,T_FBFUND_tudo,T_FBMED,T_FBMED_tudo,T_FBSUPER,T_FLBAS,T_FLBAS_tudo,T_FLFUND,T_FLFUND_tudo,T_FLMED,T_FLMED_tudo,T_FLSUPER,T_FREQ0A5,T_FREQ15A17,T_FREQ18A24,T_FREQ25A29,T_FREQ5A6,T_FREQ6A14,T_FREQ6A17,T_FREQFUND1517,T_FREQFUND1824,T_FREQMED1824,T_FUND11A13,T_FUND11A13_tudo,T_FUND15A17,T_FUND18A24,T_FUND18M,T_FUND25M,T_MED18A20,T_MED18A24,T_MED18M,T_MED25M,T_SUPER25M,CORTE1,CORTE2,CORTE3,CORTE4,CORTE9,GINI,PIND,PINDCRI,PMPOB,PMPOBCRI,PPOB,PPOBCRI,PREN10RICOS,PREN20,PREN20RICOS,PREN40,PREN60,PREN80,PRENTRAB,R1040,R2040,RDPC,RDPC1,RDPC10,RDPC2,RDPC3,RDPC4,RDPC5,RDPCT,RIND,RMPOB,RPOB,THEIL,P_AGRO,P_COM,P_CONSTR,P_EXTR,P_SERV,P_SIUP,P_TRANSF,P_CPR,P_EMP,P_FORMAL,P_TRABCC,P_TRABPUB,P_TRABSC,P_FUND,P_MED,P_SUPER,P_REN0,P_REN1,P_REN2,P_REN3,P_REN5,RENOCUP,THEILtrab,T_ATIV1014,T_ATIV1517,T_ATIV1824,T_ATIV18M,T_ATIV2529,T_DES1014,T_DES1517,T_DES1824,T_DES18M,T_DES2529,T_AGUA,T_BANAGUA,T_DENS,T_LIXO,T_LUZ,T_AGUA_ESGOTO,T_PAREDE,T_CRIFUNDIN_TODOS,T_FORA0A5,T_FORA6A14,T_FUNDIN_TODOS,T_FUNDIN_TODOS_MMEIO,T_FUNDIN18MINF,T_OCUPDESLOC_1,T_RMAXIDOSO,T_SLUZ,T_VULNERA_NESTUDA_NTRAB_MMEIO,T_VULNERA_RMAXIDOSO,T_VULNERA_OCUPDESLOC_13,PEA1014,PEA1517,PEA18M,PESO1,PESO1114,PESO1113,PESO1214,PESO13,PESO15,PESO1517,PESO1524,PESO1618,PESO18,PESO1820,PESO1824,PESO1921,PESO25,PESO4,PESO5,PESO6,PESO610,PESO617,PESO65,PESORUR,PESOTOT,PESOURB,PESO80,PESO0a4,PESO5A9,PESO10a14,PESO15A19,PESO20A24,PESO25A29,PESO30A34,PESO35A39,PESO40A44,PESO45A49,PESO50A54,PESO55A59,PESO60A64,PESO65A69,PESO70A74,PESO75A79,PIA,PIA1014,PIA1517,PIA18M,POP,I_ESCOLARIDADE,I_FREQ_PROP,IDHM,IDHM_E,IDHM_L,IDHM_R
11,2010000011,Rondônia,2010,RURAL,"72,00","2,63","20,26","21,73","95,10","85,21","50,31","5,47","8,46","1,66","1,43","14,84","3,28","16,17","5,91","18,98","25,80","21,14","102,95","102,95","115,30","115,30","68,21","68,21","6,53","88,67","88,67","92,20","92,20","36,66","36,66","3,06","10,49","75,81","20,08","7,74","56,00","94,18","89,36","37,35","5,96","10,15","85,71","83,97","45,77","52,63","25,20","19,22","21,23","21,69","10,96","8,63","1,54","85,00","175,00","294,50","509,33","750,00","0,55","17,20","22,21","31,82","43,39","55,47","70,49","40,57","1,53","57,27","8,79","21,48","42,73","74,36","18,45","12,89","365,71","28,06","1483,52","132,72","232,03","388,63","1036,51","394,23","19,69","59,77","119,02","0,52","71,12","3,71","2,88","0,70","12,80","0,38","2,82","45,34","0,41","24,03","12,88","2,39","15,46","27,40","12,56","1,96","24,90","54,42","86,21","93,23","97,25","630,57","0,42","23,67","41,28","59,84","63,76","65,22","1,51","4,18","5,44","2,24","3,27","76,84","66,96","24,65",,"90,54","18,92","4,68","54,96","89,51","5,82","50,58","30,60","65,63","0,42","5,47","9,46","31,87","78,64","3,38",10254,10973,171861,6284,35065,26118,26774,19570,267693,26267,75226,24609,241426,21690,48959,21117,192467,7253,7499,7447,40099,101431,22601,,413229,,3054,33055,38855,43808,40975,34251,34320,32339,29818,27513,24603,20676,17420,12995,9365,6456,3726,339442,43314,26582,269546,403874,"0,252","0,522","0,582","0,409","0,783","0,614"
11,2010000011,Rondônia,2010,URBANO,"73,36","2,04","17,17","18,43","96,07","87,38","45,53","53,67","9,49","1,26","0,96","6,91","1,11","7,44","1,65","9,12","18,64","14,41","112,28","112,28","118,05","118,05","96,17","96,17","31,45","91,87","91,87","93,86","93,86","46,10","46,10","14,17","32,27","82,06","30,31","15,52","85,55","96,58","92,75","33,08","4,76","10,53","90,64","88,28","54,86","73,86","55,95","51,18","41,25","47,31","38,70","36,41","10,39","225,00","368,89","547,78","935,00","1483,50","0,54","2,58","4,31","8,79","14,98","25,51","38,55","44,03","3,67","58,75","11,21","22,97","41,25","84,89","15,71","10,48","778,58","142,68","3427,87","293,77","457,74","711,77","2287,23","780,70","33,74","88,89","164,82","0,53","6,84","18,93","10,27","0,46","47,84","1,20","8,33","21,35","2,04","60,69","45,05","10,12","19,26","62,40","44,84","11,77","2,69","15,08","65,42","79,58","90,16","1389,59","0,46","7,48","34,51","70,04","71,39","79,09","20,13","22,30","11,65","6,11","6,74","85,87","84,09","28,04","94,64","99,64","10,14","3,62","26,55","67,73","3,42","22,98","10,15","32,69","0,56","4,81","0,36","34,18","61,07","5,27",8444,23931,551977,18910,89687,66635,67659,56760,840578,69627,232081,69010,770951,68433,162454,68973,608497,19301,20057,19641,103985,263299,50915,,94873,,8945,94873,100979,112750,114980,117101,111919,100615,86673,78066,66017,51185,36933,26174,18852,13829,9289,955515,112962,69339,773214,1143467,"0,560","0,681","0,723","0,638","0,806","0,736"
12,2010000012,Acre,2010,RURAL,"71,16","4,81","24,22","26,24","94,27","83,71","78,67","3,61","6,71","15,31","11,15","32,07","15,41","34,68","23,21","40,29","37,30","33,59","99,03","99,03","109,76","109,76","58,46","58,46","7,72","80,49","80,49","82,24","82,24","24,94","24,94","2,27","21,04","71,88","27,18","13,69","60,76","84,31","81,71","43,77","12,33","10,50","59,32","57,64","30,00","36,39","21,83","17,59","12,44","13,47","10,02","9,01","1,71","14,89","67,79","142,40","262,40","432,40","0,64","40,34","48,27","59,66","70,92","79,54","88,56","46,96","0,19","64,40","4,01","14,99","35,60","68,38","46,84","32,12","191,19","1,80","897,77","36,54","104,97","196,99","615,61","229,98","19,61","47,26","84,09","0,64","64,64","2,87","2,57","0,02","20,17","0,20","3,81","30,81","0,54","17,40","14,77","1,20","19,79","23,27","11,66","1,79","35,16","65,62","93,15","96,73","98,67","416,26","0,41","19,91","30,69","51,78","58,24","61,39","2,98","5,71","9,10","4,03","5,03","21,98","15,05","61,54",,"69,20","47,39","20,27","67,98","78,96","15,69","62,11","53,13","73,38","1,22","5,92","30,80","32,74","76,74","5,85",5592,4065,61824,5029,21692,16609,15891,15859,108561,13351,37819,12294,95210,10979,24468,10643,70742,5356,5601,5325,27999,63042,7271,,201280,,1154,26060,27528,27764,20660,17159,15970,13839,11367,9557,7812,6586,5559,4148,3058,1896,1163,147484,28084,13244,106155,199195,"0,218","0,406","0,506","0,330","0,769","0,510"
12,2010000012,Acre,2010,URBANO,"71,96","2,46","22,17","24,02","94,87","85,11","55,65","47,63","9,60","2,37","2,27","11,55","2,87","12,54","4,49","15,36","16,17","14,15","109,43","109,43","112,60","112,60","100,17","100,17","32,78","90,45","90,45","92,77","92,77","51,05","51,05","13,13","34,09","79,98","32,26","17,87","87,80","95,49","91,54","25,54","4,77","13,41","87,72","85,49","61,57","74,56","57,44","52,43","38,70","46,30","40,48","38,78","11,31","150,00","255,00","419,83","760,00","1266,67","0,59","6,28","10,02","18,09","28,05","40,22","55,42","48,33","2,73","63,25","9,04","19,31","36,75","80,05","21,39","14,02","646,68","88,25","3125,44","203,97","332,31","563,84","2049,17","651,91","32,20","81,83","146,17","0,65","5,15","17,06","9,34","0,09","55,65","1,17","4,58","18,88","1,19","54,92","45,00","6,70","25,90","64,51","47,76","13,37","2,82","19,37","69,50","80,64","90,37","1275,85","0,48","5,81","21,51","61,22","66,98","74,15","29,44","36,37","18,13","8,42","9,43","68,46","59,60","40,22","93,63","99,40","20,83","4,84","27,84","65,91","4,51","22,33","14,13","34,38","0,84","5,95","0,60","36,48","68,84","4,73",3462,7564,222144,10097,47525,35650,35667,30957,366401,34598,109499,33729,331803,32632,74901,32042,256902,10591,10741,10639,56307,138430,24435,,51305,,5338,51305,54630,59943,56323,53176,51448,45266,36410,30371,23669,19333,14898,11072,8563,6189,4345,426425,59623,35168,331635,529426,"0,574","0,689","0,710","0,648","0,783","0,706"
13,2010000013,Amazonas,2010,RURAL,"70,87","3,99","22,62","24,21","94,13","83,12","81,36","3,86","6,32","17,20","11,94","25,10","14,54","26,81","17,60","30,82","40,50","34,61","103,57","103,57","116,94","116,94","54,54","54,54","2,15","78,11","78,11","80,19","80,19","16,12","16,12","0,67","24,08","69,27","31,59","15,48","67,35","82,10","79,35","49,69","16,04","11,66","57,32","54,73","22,06","33,43","22,03","18,31","7,75","10,90","8,80","8,12","1,20","6,25","41,75","102,00","203,75","335,17","0,65","49,60","56,22","69,51","78,04","85,49","91,83","47,78","0,01","65,98","3,12","13,34","34,02","66,96","61,27","42,29","141,79","0,04","677,46","22,08","72,46","146,59","467,60","176,94","19,94","43,58","71,17","0,64","80,03","2,04","1,36","0,54","10,94","0,18","3,39","40,86","0,19","7,59","3,41","2,53","14,08","23,37","10,02","1,46","41,44","77,02","95,18","97,71","99,24","318,96","0,41","22,29","32,83","46,98","57,12","57,24","6,21","4,96","8,49","4,71","5,68","16,47","9,86","76,71",,"65,01","59,80","22,63","63,42","75,92","17,90","59,27","53,07","76,09","4,03","8,87","34,99","33,91","74,96","8,78",21977,16118,215728,19544,75661,57395,55672,59825,390986,49531,144218,46114,341455,44055,94687,42197,246768,20603,20781,20138,103333,228525,28129,,728495,,4798,98916,101549,98226,78286,65932,56710,47964,38818,32462,27483,22126,18133,13761,11417,7248,4666,525334,98576,49098,377659,720735,"0,220","0,386","0,484","0,320","0,765","0,462"
13,2010000013,Amazonas,2010,URBANO,"74,22","2,33","15,09","16,17","96,69","88,73","54,32","41,32","9,26","3,42","1,82","6,58","1,85","7,08","2,63","8,58","22,49","16,95","118,15","118,15","122,97","122,97","103,93","103,93","30,98","90,76","90,76","92,18","92,18","40,99","40,99","12,33","33,23","83,45","37,09","18,84","85,40","94,32","91,57","39,89","7,50","16,03","85,66","83,33","47,94","71,92","62,07","59,25","34,34","43,64","43,98","44,08","9,72","137,00","246,00","392,00","702,50","1206,00","0,62","7,70","11,81","20,59","30,37","42,92","56,99","51,77","2,44","65,87","8,30","17,92","34,13","79,90","24,96","15,89","644,49","78,74","3336,56","188,66","309,93","522,49","2123,80","648,36","35,03","80,45","141,77","0,72","6,82","17,48","7,41","0,39","47,05","0,95","13,15","22,56","1,24","51,90","40,35","8,17","23,70","67,52","50,75","11,22","4,94","21,75","71,48","82,82","91,20","1272,57","0,51","7,25","23,12","60,03","67,12","73,21","21,77","28,50","20,09","10,45","12,82","82,78","75,92","53,02","92,98","99,33","10,77","3,35","23,21","66,77","5,68","17,87","12,12","31,75","3,31","6,42","0,67","31,81","52,28","16,91",21915,41253,1156053,53371,238036,178082,178361,161791,1898168,177913,560208,174171,1720255,162689,382295,158686,1337960,55718,57157,55042,289730,705679,112549,,272399,,22903,272399,282720,302203,286508,273700,266694,237556,194014,159582,129850,103818,78111,55786,40305,29321,20020,2203003,302121,178454,1722428,2740049,"0,621","0,633","0,714","0,629","0,820","0,705"
14,2010000014,Roraima,2010,RURAL,"73,25","3,88","16,65","17,80","96,06","87,22","79,42","3,69","6,59","13,66","12,38","24,93","14,01","26,44","18,54","29,84","32,35","29,20","92,48","92,48","98,21","98,21","70,67","70,67","9,07","76,05","76,05","77,26","77,26","29,06","29,06","2,36","25,23","69,26","27,09","11,04","65,81","78,77","76,79","37,98","9,02","14,09","66,20","64,45","34,18","45,55","28,04","23,26","17,03","19,45","13,66","12,09","2,24","0,00","33,33","122,33","255,00","450,71","0,71","48,12","56,05","63,90","73,87","80,51","88,43","54,66","0,00","71,31","2,06","10,05","28,69","70,21","106,05","70,85","194,60","0,00","1063,77","20,06","77,70","181,42","710,63","252,88","15,75","37,53","69,69","0,81","66,06","2,50","1,94","0,22","20,44","0,50","2,80","26,23","0,24","16,13","8,38","5,40","23,30","31,59","16,31","3,03","42,20","66,08","91,37","95,06","97,96","484,29","0,45","22,39","33,35","45,29","53,76","52,86","10,05","12,44","9,14","6,32","10,09","32,74","24,91","70,48",,"61,07","39,59","45,69","56,01","74,77","21,23","51,61","45,25","68,18","1,85","8,01","38,93","38,74","74,38","10,35",3141,2222,29645,2893,11037,8435,8269,8614,57084,7003,18935,6391,50081,5482,11932,5112,38149,2904,2845,2991,14739,32779,3900,,105620,,571,14230,14463,14158,10693,8242,7834,6548,5685,5312,4687,4071,3347,2450,1653,1084,592,75833,14031,6664,55139,102328,"0,280","0,458","0,543","0,389","0,804","0,513"
14,2010000014,Roraima,2010,URBANO,"73,58","2,14","15,96","17,07","96,29","87,80","51,83","35,04","9,44","1,68","0,99","6,56","1,34","7,14","2,01","8,85","18,05","14,74","111,44","111,44","115,41","115,41","99,76","99,76","43,81","92,90","92,90","94,21","94,21","52,96","52,96","16,27","38,02","85,95","33,94","20,00","90,66","96,65","93,93","29,72","4,22","12,18","89,65","87,03","61,09","80,85","66,54","62,32","46,64","55,52","50,04","48,43","12,21","169,50","292,00","499,67","900,00","1553,33","0,58","5,99","8,72","15,56","22,90","35,36","48,50","46,78","2,63","62,91","8,82","19,13","37,09","85,53","21,23","14,35","727,97","95,83","3405,70","225,04","375,50","653,68","2302,97","730,61","33,66","80,51","146,91","0,65","4,85","15,92","8,08","0,42","54,50","0,89","3,95","20,50","1,60","54,21","31,71","18,86","24,75","72,81","57,11","14,05","3,09","17,38","66,36","77,13","87,02","1428,74","0,50","6,00","25,91","65,08","71,12","77,45","17,45","21,49","16,07","7,85","8,67","91,95","88,67","45,48","96,68","99,56","4,36","3,54","18,07","61,98","3,35","14,79","8,93","27,49","0,70","4,52","0,44","33,36","53,35","4,72",2300,5819,154399,6737,29887,22395,22569,20166,238829,22136,71668,21997,216693,20947,49532,20532,167161,6495,7019,6830,35751,87774,11695,,33373,,2283,33373,34904,37753,36294,35374,35356,30447,24063,19996,16834,12847,9300,6623,4353,3076,1983,277845,38302,22459,217084,343653,"0,665","0,720","0,744","0,701","0,810","0,725"
15,2010000015,Pará,2010,RURAL,"71,75","3,30","21,69","23,37","94,77","84,68","67,84","4,29","7,15","10,12","6,03","20,62","8,03","22,34","12,47","26,66","41,23","34,98","109,35","109,35","125,16","125,16","56,96","56,96","5,25","86,99","86,99","90,15","90,15","20,10","20,10","1,57","27,73","75,09","28,20","11,81","77,53","91,48","87,68","53,24","12,75","12,55","62,75","61,41","24,98","39,30","24,11","19,52","9,95","13,32","10,12","9,15","1,30","27,78","90,00","158,13","277,78","443,75","0,59","33,43","41,08","55,63","66,99","77,85","87,34","44,15","0,93","61,02","6,62","18,51","38,98","69,69","26,70","18,44","205,38","9,51","906,83","58,43","122,12","210,24","626,53","228,48","24,91","56,57","95,44","0,58","65,93","4,99","3,13","1,18","14,94","0,19","5,32","40,77","0,48","17,80","10,98","3,22","20,92","25,37","11,69","1,58","26,58","66,63","92,85","96,62","98,61","429,81","0,45","18,54","32,77","52,83","59,70","62,40","8,59","10,48","10,83","5,99","7,14","34,33","25,71","59,09",,"75,35","55,03","23,27","61,92","72,27","8,52","56,16","46,88","70,50","2,87","7,96","24,65","31,76","72,24","8,20",55562,52583,814976,52218,234151,175771,175129,164680,1382207,159787,477914,152822,1222420,142731,318127,137195,904293,57562,58240,56792,297506,691444,102547,,2389492,,17166,273359,290536,299361,254963,222951,200609,174108,144029,121295,99001,83822,70195,52716,41470,26985,16926,1825393,299759,160466,1365168,2358115,"0,241","0,438","0,527","0,359","0,779","0,522"
15,2010000015,Pará,2010,URBANO,"72,70","2,22","19,53","21,05","95,53","86,33","50,82","55,72","9,22","3,32","1,95","7,97","2,18","8,56","3,46","10,33","25,98","20,36","118,34","118,34","123,87","123,87","102,54","102,54","21,79","92,54","92,54","94,10","94,10","41,05","41,05","9,12","37,71","84,68","34,11","14,79","90,29","96,19","93,20","41,52","7,44","16,75","82,25","80,30","47,17","70,08","56,76","53,06","30,53","39,09","36,82","36,19","8,15","130,00","229,80","358,00","633,00","1059,00","0,59","7,91","12,24","21,70","32,13","46,02","60,41","48,84","2,78","63,41","9,21","19,57","36,59","78,39","21,20","13,74","556,93","77,37","2720,22","179,20","288,32","474,08","1763,21","561,07","35,20","81,81","143,73","0,65","8,33","21,82","8,71","0,80","46,27","0,85","7,12","27,02","1,44","45,05","32,41","8,68","27,23","62,59","43,05","9,67","3,91","27,23","75,45","85,69","92,68","1100,88","0,51","6,14","22,54","58,62","64,52","72,23","19,02","24,45","20,01","10,17","12,18","77,38","72,01","44,98","91,92","99,44","17,19","5,63","28,69","62,29","3,81","22,53","15,36","37,13","1,91","7,34","0,56","32,33","59,46","8,86",32933,73535,2177026,90824,425640,316004,321539,277335,3700414,325039,1058270,321619,3375375,311787,733231,309194,2642144,94896,97225,94747,504984,1255663,258149,,463296,,51078,463296,491042,536807,532216,526054,506856,443166,370506,313529,254996,210387,162833,121722,92915,68357,45799,4236911,536597,326183,3374130,5166372,"0,568","0,626","0,690","0,606","0,795","0,682"
16,2010000016,Amapá,2010,RURAL,"71,70","4,46","18,96","20,23","94,91","84,39","80,99","3,86","8,37","8,62","4,00","19,58","6,47","21,69","10,95","26,55","29,95","24,93","106,32","106,32","116,27","116,27","69,59","69,59","8,09","87,01","87,01","89,81","89,81","29,00","29,00","2,25","25,18","74,53","31,53","14,19","77,29","91,47","87,86","42,65","11,26","15,52","70,35","68,35","35,24","47,59","29,57","23,81","13,56","17,44","13,87","12,73","1,89","22,29","85,83","166,75","309,17","510,33","0,62","34,87","41,51","54,65","64,62","74,42","84,34","47,91","0,50","63,87","5,12","15,86","36,13","75,73","37,46","24,94","227,92","5,70","1091,90","52,60","122,46","230,97","727,11","260,16","21,95","51,18","89,43","0,65","60,53","4,60","3,35","1,35","23,94","0,64","2,63","39,44","0,16","19,56","12,43","5,19","17,57","30,71","15,94","2,52","27,34","57,60","88,20","93,22","97,22","550,13","0,39","18,56","30,45","51,94","62,67","62,80","5,11","8,89","10,84","5,12","6,42","40,91","30,72","68,17",,"85,41","51,79","13,21","51,53","74,82","8,53","47,42","38,30","65,09","4,31","7,23","14,59","32,07","75,48","15,24",1801,1458,22197,1800,7412,5601,5544,5433,36731,4825,13377,4520,31906,3958,8552,3662,23354,1849,1837,1838,9749,21986,2645,,68490,,441,9005,9522,9476,7565,5812,5036,4271,3756,3247,2613,2283,1891,1368,1114,684,406,49916,9707,4789,35420,67756,"0,296","0,491","0,558","0,415","0,778","0,538"
16,2010000016,Amapá,2010,URBANO,"74,44","2,34","13,97","14,91","96,90","89,21","55,41","33,53","9,57","2,77","1,82","7,03","1,66","7,61","2,66","9,48","21,06","17,15","111,74","111,74","115,39","115,39","100,94","100,94","33,46","92,25","92,25","93,54","93,54","49,07","49,07","13,99","29,74","84,21","34,27","16,14","83,62","95,91","92,96","32,70","4,95","14,47","85,67","83,65","56,55","76,55","64,85","61,17","38,04","48,42","47,25","46,88","11,71","137,33","250,00","422,00","824,00","1377,50","0,59","7,10","10,49","20,60","29,46","41,90","54,44","46,62","2,55","63,09","8,49","18,59","36,91","84,67","21,95","14,83","641,13","81,60","2989,06","190,71","323,62","587,36","2019,02","644,37","37,21","83,37","141,36","0,66","5,17","18,40","8,54","1,04","52,36","1,04","4,49","23,04","1,33","51,85","35,98","12,96","24,09","70,05","54,10","13,47","3,13","20,70","66,77","77,65","88,20","1364,27","0,50","6,21","22,03","61,41","70,38","75,70","28,46","30,47","24,42","12,04","14,22","77,17","70,44","52,37","96,38","99,73","18,07","3,81","20,30","70,26","4,09","15,51","10,51","29,44","1,45","5,60","0,27","34,77","52,95","7,50",4308,8923,258419,11948,55057,41116,41393,36271,407179,40589,128446,39904,366590,37851,87857,37307,278733,12303,12189,12020,65643,161289,20442,,60968,,3906,60968,63134,69755,65709,62737,58765,51021,42998,34031,26346,20568,14741,9821,7718,5294,3524,477060,69397,40499,367164,596411,"0,649","0,660","0,725","0,656","0,824","0,704"
17,2010000017,Tocantins,2010,RURAL,"70,55","3,43","24,39","26,22","93,81","82,58","60,26","6,91","8,75","5,19","4,17","23,09","5,77","24,87","9,91","28,80","27,37","21,84","110,74","110,74","122,46","122,46","72,51","72,51","6,62","90,74","90,74","92,89","92,89","33,85","33,85","2,80","22,27","80,57","26,31","10,95","73,04","94,82","91,48","44,80","9,19","12,93","81,94","80,20","39,47","52,68","26,41","21,00","19,40","22,67","13,08","11,11","1,96","30,00","124,40","200,80","343,80","511,00","0,58","27,47","35,54","45,80","60,48","71,08","85,54","47,97","1,06","60,18","7,23","19,40","39,82","64,99","26,55","16,65","260,51","13,86","1249,67","80,29","158,53","265,98","783,87","280,69","23,74","57,53","107,66","0,62","69,63","2,74","3,35","0,18","17,31","0,28","2,37","23,67","0,44","22,68","15,80","5,21","26,27","29,20","15,66","2,72","32,42","56,70","91,85","96,32","98,21","498,72","0,40","11,70","26,00","49,98","55,03","57,62","8,77","13,91","11,81","5,30","8,18","52,46","42,73","39,59",,"79,18","19,65","23,97","53,01","77,73","5,18","50,42","37,32","67,42","1,19","9,47","20,82","33,94","78,76","5,60",3840,4542,102173,5187,25752,19391,19482,16498,185245,17244,49200,16016,168001,14127,31956,13535,136045,6050,6051,5915,30896,73892,20271,,293339,,3290,27332,30352,32347,26868,22332,21718,20657,18063,17634,16351,14932,13643,10839,8002,5587,3392,235963,32826,17468,185669,291059,"0,264","0,535","0,564","0,423","0,759","0,560"
17,2010000017,Tocantins,2010,URBANO,"73,20","2,23","18,13","19,51","95,92","87,17","51,03","63,30","10,09","1,86","1,45","10,21","1,74","11,05","2,97","13,61","16,25","12,19","111,45","111,45","116,10","116,10","98,35","98,35","34,97","93,61","93,61","95,06","95,06","52,86","52,86","16,73","38,67","85,71","33,12","14,84","90,99","97,68","94,54","29,70","3,78","12,10","91,73","90,08","61,68","79,32","59,35","53,87","45,27","52,57","43,38","40,86","12,53","164,75","272,25","450,00","781,00","1325,00","0,58","5,57","8,93","15,79","25,00","37,62","52,35","47,84","2,92","62,78","9,41","19,89","37,22","82,37","20,34","13,35","674,28","98,46","3226,03","218,82","353,45","584,07","2117,74","676,24","35,54","84,00","151,95","0,63","9,68","16,79","9,77","0,23","50,29","1,07","5,82","20,15","1,91","52,34","31,75","15,81","27,11","67,92","51,56","14,74","3,84","20,86","70,15","81,35","90,15","1274,42","0,51","7,29","31,58","67,27","68,93","78,86","20,26","23,85","14,27","7,23","7,57","92,74","90,54","28,97","94,35","98,92","4,95","3,79","23,64","61,33","2,32","20,44","12,30","33,79","0,87","8,04","1,08","32,33","67,39","5,18",8122,21556,492178,18930,89149,66378,67566,56509,782165,68318,221984,68002,713847,65862,153666,65031,560181,19934,20040,19402,103375,260842,60375,,95377,,12581,95377,100651,111913,112451,109533,103456,93809,77329,67334,54940,43229,33640,26069,20302,16296,11196,893752,111418,68267,714066,1082764,"0,594","0,724","0,729","0,678","0,803","0,713"
21,2010000021,Maranhão,2010,RURAL,"69,87","3,21","29,50","32,21","92,99","81,45","67,80","5,75","8,45","10,10","6,58","30,75","10,24","33,42","19,58","40,24","31,75","25,48","115,28","115,28","127,84","127,84","73,70","73,70","5,89","90,89","90,89","93,62","93,62","29,23","29,23","2,16","41,55","79,72","29,36","12,47","91,47","95,13","91,55","48,67","11,02","14,42","76,72","75,22","34,77","48,05","26,39","20,02","15,90","19,11","12,59","10,67","1,34","22,50","69,45","142,00","255,00","382,50","0,59","40,18","50,21","59,73","72,36","80,96","90,37","41,69","1,22","59,32","5,87","18,02","40,68","56,85","28,39","20,85","172,49","10,51","719,08","40,14","104,76","195,41","528,02","187,55","25,45","51,32","88,90","0,61","65,28","5,57","4,89","0,30","17,11","0,24","3,04","31,95","0,35","18,08","11,34","3,23","22,85","28,92","15,33","1,94","36,21","73,29","95,24","97,78","99,09","323,02","0,50","14,19","27,60","49,22","53,34","58,41","8,26","9,39","12,21","6,30","8,12","34,42","22,92","50,59",,"90,18","35,27","46,32","59,31","58,45","4,87","52,30","45,04","69,47","4,72","9,92","9,82","32,56","74,35","10,19",41852,43480,761514,49863,230327,173319,172959,159215,1451349,159581,484278,154647,1291768,144110,324697,139096,967071,56072,57109,55904,290897,680805,139470,,2427640,,26645,263081,283565,294768,256223,228055,200861,167157,134877,120531,105469,90523,79289,63771,50720,37638,24467,1880142,295033,157551,1427558,2418299,"0,264","0,547","0,541","0,429","0,748","0,493"
21,2010000021,Maranhão,2010,URBANO,"70,78","2,25","27,00","29,49","93,77","83,16","53,73","68,99","9,81","4,32","2,51","14,93","3,54","16,12","6,48","19,71","20,68","16,12","115,84","115,84","120,60","120,60","102,14","102,14","21,62","93,40","93,40","95,07","95,07","49,07","49,07","9,58","45,72","85,24","30,58","13,50","95,58","97,03","94,00","34,24","5,18","14,79","87,79","86,23","55,84","73,50","53,87","48,26","37,34","44,37","36,77","34,60","7,58","107,20","194,00","303,33","516,67","900,00","0,60","12,10","18,20","27,70","40,12","53,40","68,39","49,19","2,41","63,56","8,78","19,19","36,44","75,01","22,40","14,47","470,36","56,70","2313,48","149,90","244,80","405,63","1494,49","474,37","34,77","75,78","134,60","0,67","13,92","19,34","9,97","0,54","45,07","0,90","5,87","26,26","1,23","40,38","28,32","7,73","30,64","61,60","44,63","9,65","7,49","37,10","80,50","88,26","93,87","931,93","0,55","6,34","22,32","58,51","61,66","70,11","17,69","23,29","19,46","9,59","11,66","76,50","68,70","38,07","79,08","99,57","17,39","12,38","30,77","54,28","2,97","24,42","17,87","41,19","2,64","9,64","0,43","33,98","63,87","9,65",27280,57440,1663005,72106,340317,252976,257784,223751,2954487,257807,854738,257537,2696680,252447,596931,250705,2099749,76370,77493,76142,402532,1000656,256867,,372320,,55004,372320,390083,430259,426028,428710,394312,333399,268494,235005,199851,166452,136797,108572,86381,68733,46749,3384594,430299,257403,2696892,4128783,"0,539","0,691","0,682","0,636","0,763","0,655"
22,2010000022,Piauí,2010,RURAL,"70,06","2,65","26,97","29,22","93,27","81,70","59,04","7,85","8,21","8,94","5,16","35,67","9,68","38,69","20,56","45,76","37,26","30,44","115,18","115,18","130,50","130,50","70,03","70,03","7,03","92,69","92,69","95,89","95,89","27,87","27,87","3,00","38,79","81,89","29,08","11,35","91,73","97,00","93,17","52,78","9,69","15,19","73,05","72,47","32,01","48,29","20,44","13,67","14,26","18,49","9,16","6,89","1,28","27,88","82,73","159,00","277,50","407,75","0,54","36,80","48,45","55,56","71,19","77,92","90,54","37,01","1,78","55,86","7,07","20,40","44,14","45,26","20,93","15,76","179,89","16,04","665,76","47,58","119,91","213,53","501,21","187,91","29,14","54,87","95,29","0,55","68,30","3,58","6,08","0,36","15,37","0,32","3,93","23,33","0,27","16,45","12,27","1,91","25,37","22,41","11,12","1,87","42,15","78,24","96,83","98,80","99,58","245,07","0,48","15,09","29,87","50,15","52,86","58,18","4,81","8,07","11,29","5,43","7,12","44,33","30,71","37,72",,"81,03","13,18","20,16","64,89","61,21","3,00","57,28","46,12","74,96","2,42","10,13","18,97","30,88","78,19","5,43",17550,20373,363576,17556,93930,69729,71820,54201,691302,67734,202269,64685,623568,59461,134535,57942,489033,19760,20093,19650,108185,269849,83804,,1067401,,17080,90237,104610,117598,107665,94604,84628,76128,63654,60351,54737,48676,43739,36970,29261,22843,14620,872318,116279,68195,687844,1064957,"0,204","0,528","0,525","0,385","0,751","0,500"
22,2010000022,Piauí,2010,URBANO,"72,69","1,72","20,56","22,29","95,47","86,38","48,14","94,67","9,84","4,04","2,70","15,62","3,61","16,68","6,58","19,97","22,46","17,41","121,44","121,44","124,54","124,54","112,67","112,67","34,03","94,49","94,49","96,16","96,16","47,52","47,52","16,68","47,28","87,54","39,87","18,20","97,41","97,93","95,22","37,50","5,95","16,16","86,44","85,35","53,00","73,63","52,19","46,80","37,04","45,04","35,47","33,06","10,22","127,50","220,29","345,71","605,83","1020,00","0,59","9,34","15,06","22,91","35,34","47,78","64,64","48,77","2,67","63,52","9,05","19,40","36,48","72,68","21,54","14,04","540,80","72,22","2637,34","172,61","279,74","461,86","1718,60","542,53","37,06","79,44","141,66","0,66","10,92","19,56","9,51","0,16","49,65","1,10","6,65","23,25","1,41","45,06","32,38","7,97","29,78","59,64","42,85","12,88","6,41","35,54","78,94","87,64","93,40","970,17","0,58","5,51","20,86","58,31","62,62","73,02","17,16","25,02","19,53","8,78","10,55","90,13","86,15","28,16","87,61","99,28","5,52","6,38","32,04","52,72","2,07","25,64","17,32","41,38","1,59","9,38","0,72","30,03","70,43","6,10",10640,24211,886898,31107,154114,114356,117366,93966,1533368,116415,401048,115924,1416953,118031,284633,120228,1132320,32729,32778,32101,173405,443934,148917,,157294,,34187,157294,167981,192316,194203,206845,190743,170965,142925,129414,114658,94975,77537,62186,47951,39603,27176,1725635,193151,116060,1416424,2037790,"0,522","0,685","0,696","0,626","0,795","0,677"
23,2010000023,Ceará,2010,RURAL,"70,95","2,49","23,20","24,95","94,19","83,35","59,27","8,43","9,51","4,91","3,60","32,17","7,36","35,30","16,21","42,26","21,15","16,26","107,69","107,69","119,85","119,85","75,06","75,06","6,20","91,49","91,49","94,22","94,22","42,08","42,08","2,88","47,72","78,43","21,11","7,82","95,27","97,10","92,03","34,76","5,61","11,48","87,09","85,43","52,22","61,20","28,32","20,14","25,82","28,19","14,09","10,58","1,40","30,67","91,86","164,71","277,50","410,00","0,52","33,54","45,22","54,30","70,90","77,95","91,05","35,95","2,11","54,32","8,58","22,24","45,68","45,55","16,76","12,67","184,10","19,44","661,82","59,53","125,76","215,80","500,29","190,25","31,56","59,49","100,87","0,51","64,05","4,86","4,27","0,30","17,55","0,48","6,16","24,12","0,36","17,01","12,59","2,26","31,82","31,60","17,08","2,04","34,36","77,85","97,30","98,96","99,59","256,46","0,44","12,87","27,24","51,93","52,31","59,34","5,64","9,40","10,88","5,33","6,73","46,16","37,86","37,67",,"97,68","30,38","13,61","48,87","52,28","2,90","42,82","33,48","67,93","1,82","10,36","2,32","33,35","79,03","3,96",31128,40475,708326,31492,196160,143736,150682,99826,1371721,146879,416683,138620,1224842,121804,269804,115312,955038,37018,36770,35834,204145,547184,177487,,2105812,,42605,169098,193700,243375,229700,186983,159299,144821,127918,120861,110584,89487,80943,71556,56986,47252,30644,1744579,241832,148594,1354153,2099294,"0,283","0,651","0,575","0,493","0,766","0,504"
23,2010000023,Ceará,2010,URBANO,"73,24","1,87","17,88","19,25","95,98","87,27","47,58","97,58","9,94","3,45","2,42","13,79","3,06","14,77","5,25","17,68","17,36","13,19","112,39","112,39","118,49","118,49","96,03","96,03","24,61","92,29","92,29","94,37","94,37","49,90","49,90","11,77","50,38","82,77","28,29","12,92","96,68","96,80","92,99","30,66","4,18","11,53","88,50","86,47","58,73","76,23","55,16","49,91","41,28","48,02","37,59","34,99","8,94","128,25","224,86","344,50","596,50","1017,50","0,60","8,41","13,68","22,33","35,06","47,16","64,37","50,29","2,75","64,17","9,07","19,30","35,83","73,15","22,17","14,14","552,72","76,06","2779,78","174,72","282,67","456,66","1772,73","554,28","38,14","82,13","143,80","0,67","7,81","19,14","7,24","0,19","44,91","1,11","14,51","21,89","1,50","48,14","38,87","4,96","29,22","63,58","45,64","10,69","4,48","31,82","80,67","88,32","93,72","971,05","0,55","5,86","23,21","63,27","62,81","74,68","16,99","25,18","17,23","8,13","9,46","92,46","89,08","32,95","93,56","99,54","4,53","1,62","28,32","49,62","3,20","22,74","15,06","38,73","1,86","8,93","0,46","34,23","68,07","7,66",35517,87355,2754237,93296,482940,355658,368801,284688,4764492,378754,1252995,374513,4385738,361005,874241,361946,3511497,97133,98058,95436,525477,1387171,464069,,475602,,110967,475602,502543,603932,617141,635854,583593,513120,448510,420286,368656,284729,232171,196363,148097,123628,81377,5366724,605631,376397,4384696,6304007,"0,552","0,713","0,710","0,655","0,804","0,681"
24,2010000024,Rio Grande do Norte,2010,RURAL,"70,91","2,64","23,93","25,75","94,21","83,33","56,22","7,94","8,95","7,71","5,08","31,70","8,70","34,35","16,41","40,75","29,96","22,63","111,75","111,75","127,53","127,53","68,25","68,25","6,78","91,86","91,86","94,99","94,99","30,38","30,38","3,10","44,20","80,04","24,96","9,01","93,12","96,98","92,47","47,73","8,53","12,39","83,18","82,01","36,21","50,79","26,00","19,81","19,97","24,30","13,90","11,30","1,68","52,86","127,45","200,00","339,00","505,00","0,49","23,77","32,77","44,51","60,64","71,98","86,75","34,27","2,18","52,08","10,42","24,78","47,92","54,30","13,16","9,98","222,38","24,23","762,19","91,62","159,65","257,35","578,10","228,72","30,26","65,77","115,57","0,46","54,64","5,94","6,94","1,06","21,97","0,62","4,90","21,58","0,29","26,30","20,59","2,75","29,66","29,69","17,08","2,52","28,45","62,21","95,30","97,99","99,31","373,14","0,32","8,96","23,64","50,52","51,96","59,42","8,13","14,73","16,76","8,32","11,21","59,20","55,15","37,16",,"98,45","31,50","7,36","54,83","55,80","3,02","48,64","37,09","67,37","2,08","9,52","1,55","35,37","73,74","5,22",6685,10834,239143,11107,59412,44178,45146,34001,460946,45490,137961,42794,415456,39261,92471,38963,322985,12675,12784,12342,67210,172112,55808,,703036,,13549,57783,65215,74191,71587,66374,58461,50250,44901,42209,38130,29238,24873,24016,18190,14852,9217,580691,74592,45839,460260,699135,"0,260","0,581","0,566","0,444","0,765","0,534"
24,2010000024,Rio Grande do Norte,2010,URBANO,"73,14","1,83","18,18","19,58","95,83","87,02","45,62","102,74","9,74","4,72","2,86","14,12","3,63","15,02","6,07","17,69","20,76","15,42","116,03","116,03","122,78","122,78","97,87","97,87","31,65","92,73","92,73","94,35","94,35","44,92","44,92","15,12","50,57","83,51","33,40","15,56","95,08","97,22","93,51","35,97","5,32","12,15","88,85","87,03","52,92","73,10","54,59","50,24","40,89","48,14","39,01","36,87","10,05","152,40","255,00","407,75","733,20","1260,50","0,59","6,50","10,98","17,89","29,54","40,78","57,91","48,81","2,81","63,46","9,25","19,59","36,54","71,62","21,11","13,75","637,51","89,61","3111,66","205,16","329,72","540,23","2026,16","638,65","36,97","83,04","148,67","0,65","6,56","19,07","7,91","1,30","49,60","1,10","9,71","20,76","1,84","55,95","43,34","7,66","23,05","63,66","47,92","12,53","3,96","25,53","75,83","85,01","92,03","1116,31","0,53","4,58","21,21","62,71","62,38","74,06","23,57","31,16","21,21","9,99","11,86","95,25","93,59","27,54","97,51","99,62","3,10","0,84","29,35","49,43","2,78","23,76","15,00","37,79","1,23","8,87","0,38","34,93","67,59","6,17",10043,29415,1084102,35467,175408,129914,133055,106336,1876178,139335,468882,135720,1736843,131824,329547,136148,1407296,36924,38020,36797,196850,511593,183426,,178535,,46903,178535,190746,219532,225691,243191,229661,202842,178799,172913,152885,117116,90014,79640,57916,47399,31208,2095617,219037,138678,1737901,2452414,"0,546","0,694","0,713","0,641","0,802","0,704"
25,2010000025,Paraíba,2010,RURAL,"69,95","2,30","26,97","29,13","93,25","81,52","57,76","9,06","8,42","6,90","4,88","34,56","8,33","37,46","19,42","44,43","33,62","26,73","111,95","111,95","130,08","130,08","62,50","62,50","6,83","91,25","91,25","95,15","95,15","28,10","28,10","3,25","34,92","78,08","25,20","9,80","93,07","96,89","91,85","48,27","8,48","12,21","77,86","76,57","33,75","48,09","21,13","14,67","18,46","21,96","10,86","8,21","1,41","41,75","111,00","187,00","319,60","489,33","0,51","27,60","39,10","48,51","67,05","73,68","89,39","34,73","2,05","52,83","9,56","23,71","47,17","47,70","14,53","11,04","208,27","21,40","723,26","78,17","147,37","244,27","549,64","215,36","31,00","63,14","108,77","0,48","67,99","4,51","4,67","0,68","15,57","0,47","4,60","21,88","0,28","17,93","12,87","2,83","25,22","22,34","12,29","1,85","39,75","75,16","97,28","98,87","99,54","268,51","0,39","16,74","32,35","55,41","57,17","62,83","2,83","6,01","10,13","4,41","6,20","39,91","35,12","35,88",,"98,75","38,37","8,07","63,77","65,08","3,11","55,71","42,69","73,23","1,54","10,17","1,25","30,46","77,78","4,21",16130,19402,350493,14619,77873,57231,59902,44571,614191,60091,178320,57422,554100,53136,118229,50607,435871,15680,16046,15826,86900,224864,84073,,927850,,20739,74806,84406,96413,96275,82045,71460,65206,58034,55034,48796,40429,36875,33998,26915,22434,13985,769412,96364,59978,613070,925539,"0,211","0,558","0,541","0,404","0,749","0,524"
25,2010000025,Paraíba,2010,URBANO,"72,78","1,86","19,82","21,42","95,54","86,45","49,10","110,33","9,55","3,98","3,11","17,26","4,19","18,37","7,36","21,56","22,94","17,48","116,54","116,54","125,39","125,39","91,59","91,59","30,74","92,72","92,72","94,62","94,62","41,87","41,87","15,00","44,85","83,40","34,40","16,59","94,51","97,21","93,60","38,62","6,54","11,85","85,81","84,15","49,13","68,97","49,17","44,70","37,93","44,98","34,97","32,71","10,04","127,86","225,00","352,50","610,00","1066,25","0,60","8,73","14,53","22,51","35,99","47,07","64,57","50,09","2,64","64,35","8,83","18,97","35,65","70,13","22,69","14,59","562,49","74,20","2817,38","174,10","285,33","468,97","1811,23","563,95","37,15","81,05","142,67","0,68","9,46","19,00","7,84","0,34","48,01","1,36","9,01","22,48","1,76","47,92","33,23","9,57","27,99","58,23","43,72","12,82","5,79","33,45","79,67","87,40","93,06","1004,86","0,57","5,53","21,61","58,71","59,94","72,42","17,70","28,11","21,37","9,73","12,09","94,93","93,29","26,66","96,50","99,66","3,01","1,49","37,18","55,15","2,79","30,26","20,38","43,91","1,44","9,60","0,34","34,56","70,80","5,67",13945,33553,1189327,42701,201347,148876,152600,128327,2141422,155718,521159,153706,1985704,151464,365441,152058,1620263,43910,44940,44458,235674,592739,237545,,215295,,59118,215295,229681,252280,256702,264457,256069,232540,202232,188739,165600,131765,110003,95770,74426,62981,41020,2391820,252220,155266,1984334,2819183,"0,492","0,668","0,690","0,603","0,796","0,683"
26,2010000026,Pernambuco,2010,RURAL,"70,13","2,41","25,50","27,48","93,41","81,66","59,99","7,40","8,26","8,60","6,15","33,44","9,93","36,22","18,69","43,14","31,29","25,41","111,65","111,65","125,87","125,87","68,92","68,92","4,88","89,39","89,39","92,52","92,52","28,65","28,65","2,19","31,91","77,15","26,71","11,17","87,55","94,71","90,33","45,67","9,77","12,46","77,59","75,54","34,71","46,33","22,23","15,89","17,37","20,32","10,93","8,45","1,05","40,00","106,75","174,33","299,60","443,33","0,51","28,03","37,89","50,24","66,75","75,78","89,74","36,05","1,93","53,75","9,46","23,40","46,25","53,66","15,24","11,34","201,58","19,45","726,61","75,89","140,51","230,27","540,53","210,70","29,75","63,08","107,66","0,48","69,84","3,67","3,90","0,23","13,50","0,47","5,96","26,75","0,33","20,08","16,56","1,92","24,68","23,70","12,44","1,38","32,97","71,57","97,07","98,78","99,46","305,05","0,36","16,80","32,41","54,86","56,80","62,23","5,43","8,42","11,94","5,92","7,99","39,67","35,53","39,79",,"98,31","33,77","8,54","62,06","68,09","5,29","54,93","43,21","71,21","2,11","9,13","1,69","31,71","75,91","5,67",33220,36557,629104,29710,157452,116587,119616,91429,1111474,113479,344338,108540,997995,103438,230859,99336,767136,32733,33072,33489,181857,452788,129146,,1744238,,27804,152495,174183,198198,182819,161519,140591,125101,107888,98360,84261,70645,62589,56443,44756,34689,21897,1418078,197681,112806,1107591,1735074,"0,222","0,543","0,540","0,403","0,752","0,519"
26,2010000026,Pernambuco,2010,URBANO,"72,99","1,82","19,00","20,49","95,75","86,88","46,92","99,19","9,40","3,96","2,79","13,83","3,87","14,68","6,15","17,11","21,31","16,42","117,28","117,28","123,53","123,53","99,29","99,29","25,24","92,45","92,45","94,19","94,19","43,20","43,20","11,51","46,52","83,39","31,91","14,37","93,99","96,86","93,39","37,14","6,37","12,74","86,88","84,54","50,62","68,63","52,57","48,96","36,83","43,37","36,87","35,41","9,52","130,63","233,33","366,60","634,67","1104,75","0,62","8,43","14,26","21,45","34,73","45,94","63,69","52,29","2,52","65,93","8,49","18,16","34,07","69,83","24,63","15,53","605,86","76,45","3167,79","180,80","292,85","481,93","1997,49","607,86","36,60","80,47","144,17","0,72","7,53","19,07","7,39","0,16","47,98","1,17","10,82","22,57","1,80","52,41","41,74","6,22","24,51","61,40","45,77","12,05","3,79","28,10","78,28","86,62","92,70","1074,31","0,55","5,28","22,11","62,87","61,30","74,32","24,77","31,63","23,35","11,97","14,01","90,78","88,79","27,44","94,74","99,76","5,15","1,32","34,45","53,48","3,14","27,49","18,19","40,20","2,40","9,14","0,24","35,15","69,27","10,54",33673,84305,3026407,103499,505210,375813,380010,313250,5320317,381041,1286842,377466,4939276,376948,905801,380128,4033475,108211,110498,110099,591771,1478022,520188,,524414,,115113,524414,570146,637333,630779,656063,639050,591952,527314,478709,417914,346018,280164,232166,174934,139558,90583,5955593,637417,381325,4936851,7009522,"0,526","0,671","0,701","0,619","0,800","0,695"
27,2010000027,Alagoas,2010,RURAL,"68,68","2,84","33,22","36,28","91,90","79,39","63,92","6,12","8,49","10,74","8,05","38,20","13,44","41,72","26,08","49,68","33,32","25,61","112,25","112,25","128,20","128,20","63,86","63,86","5,14","90,16","90,16","93,00","93,00","25,22","25,22","2,19","31,43","78,32","29,57","11,26","86,88","94,82","90,73","51,68","11,99","13,84","79,52","77,87","29,22","41,82","20,43","14,41","11,79","15,46","9,16","7,39","1,01","29,75","91,75","154,00","255,00","382,86","0,54","33,10","42,55","56,47","71,13","80,64","91,63","39,34","1,82","56,32","8,27","21,53","43,68","52,22","19,04","13,89","182,45","16,63","717,84","58,79","120,96","202,12","523,65","190,70","29,01","60,47","100,53","0,54","70,87","4,21","2,99","0,19","13,37","0,41","5,23","19,13","0,29","21,14","18,21","1,69","23,34","21,75","10,65","1,38","40,76","74,41","96,74","98,49","99,40","289,91","0,39","17,97","32,68","52,15","55,65","59,82","3,51","6,23","11,46","5,66","8,45","43,91","38,69","42,53",,"97,63","33,82","12,59","67,09","68,57","5,18","59,11","49,86","72,48","3,23","8,14","2,37","30,36","73,79","6,92",18405,18886,275421,15234,81890,60536,62131,46807,504298,57894,166635,54316,446404,48911,108741,46294,337663,16386,16533,16724,93586,233370,50323,,822634,,9883,78450,89302,102707,91115,75520,64810,57317,47877,44387,37433,31729,28029,23635,18622,13265,8553,655127,102433,57787,494906,815019,"0,204","0,519","0,518","0,380","0,728","0,503"
27,2010000027,Alagoas,2010,URBANO,"70,99","2,04","26,53","28,99","93,94","83,50","51,12","70,98","9,32","6,09","4,35","18,95","6,04","20,26","10,97","23,75","24,52","18,18","114,19","114,19","123,98","123,98","85,10","85,10","26,27","91,41","91,41","93,43","93,43","38,05","38,05","11,71","41,28","81,99","33,61","15,07","89,48","95,43","92,04","41,79","8,07","12,83","85,08","83,54","43,93","62,67","47,12","43,31","31,26","37,54","31,93","30,55","8,77","116,00","199,71","323,33","569,75","1005,00","0,61","10,77","17,29","26,35","40,28","52,28","69,11","51,02","2,40","65,56","8,32","17,97","34,44","71,02","24,52","15,72","522,07","62,60","2663,86","154,65","251,75","429,94","1707,64","524,67","35,37","78,35","137,68","0,71","8,79","18,46","7,59","0,25","49,29","1,14","8,06","20,97","1,58","52,88","40,64","7,52","25,67","56,48","41,11","11,57","4,27","30,00","78,98","86,70","92,74","1026,82","0,54","5,12","21,22","57,74","59,68","69,73","22,03","35,01","25,77","12,01","14,55","91,45","88,87","32,36","96,16","99,47","5,65","2,54","42,18","58,72","4,57","33,62","24,82","44,18","2,76","8,25","0,53","36,67","66,82","10,39",12065,28970,907455,37955,187879,139291,141900,115477,1657958,137350,436414,132979,1520608,125938,299064,124917,1221544,40056,40290,40466,218100,543329,137432,,193633,,28372,193633,210813,235456,221877,214537,207194,189152,164036,148700,124209,101929,83519,65373,48944,36122,23994,1892584,235434,136532,1520618,2277388,"0,471","0,624","0,664","0,568","0,767","0,671"
28,2010000028,Sergipe,2010,RURAL,"69,59","2,57","28,16","30,44","92,98","80,89","59,49","6,71","8,22","7,63","4,59","33,09","8,86","36,31","19,72","43,55","38,25","30,40","112,32","112,32","130,28","130,28","61,77","61,77","5,21","92,50","92,50","95,54","95,54","25,62","25,62","2,62","39,08","82,36","29,53","9,60","93,15","96,81","93,02","55,32","11,19","14,27","73,30","72,36","29,27","46,03","22,70","16,55","14,29","19,02","10,90","8,76","1,48","60,00","115,40","178,00","302,00","478,00","0,50","23,61","32,74","48,89","65,13","75,30","89,18","35,72","2,84","53,04","11,16","24,91","46,96","57,26","12,80","9,52","211,76","30,05","756,31","88,14","145,51","233,54","562,41","216,80","35,27","71,39","114,43","0,44","65,04","4,82","5,27","0,43","16,15","0,40","5,85","29,20","0,35","20,35","15,96","2,10","30,09","23,60","12,19","1,85","24,89","72,34","96,46","98,33","99,40","324,00","0,38","13,05","30,19","57,80","60,99","67,10","6,04","9,64","13,45","6,02","7,29","56,08","52,20","36,07",,"97,89","32,84","9,89","62,45","60,92","3,19","55,92","43,96","70,62","2,73","7,04","2,11","27,45","71,63","6,44",8440,11637,208147,9271,51519,38424,38739,28966,344653,37770,108683,35561,306883,31370,70913,30327,235970,10562,10499,10252,56972,146261,36721,,547651,,7799,48554,54349,64641,59228,49455,43498,40474,35454,31556,26225,21447,19423,16626,13046,9480,6396,444498,64675,38543,341280,543512,"0,227","0,525","0,537","0,397","0,743","0,526"
28,2010000028,Sergipe,2010,URBANO,"72,96","1,78","19,55","21,15","95,65","86,79","45,99","74,95","9,37","3,59","2,99","13,07","3,58","13,92","5,79","16,45","26,18","19,72","117,93","117,93","127,02","127,02","92,50","92,50","34,13","93,71","93,71","95,49","95,49","39,51","39,51","16,16","46,69","86,47","37,76","16,58","95,26","97,33","94,47","44,53","6,64","13,99","85,30","83,73","44,94","70,85","54,79","50,85","36,63","45,20","38,79","37,22","10,80","138,33","249,40","387,60","724,83","1303,33","0,61","7,42","12,67","20,34","32,79","43,80","61,19","50,22","2,58","65,28","8,49","18,19","34,72","72,17","23,67","15,37","635,67","81,95","3192,57","187,77","308,50","525,26","2073,29","637,20","38,38","83,02","145,31","0,69","7,46","17,91","8,20","1,03","49,95","1,20","8,14","22,87","1,92","55,28","42,75","7,63","21,57","62,02","46,32","12,98","3,73","27,37","76,27","84,75","91,54","1120,73","0,55","4,98","21,77","63,06","64,78","76,40","24,48","29,52","23,33","11,40","13,88","94,22","93,04","26,65","97,14","99,65","3,17","1,02","33,63","53,31","2,67","26,27","17,66","37,29","2,04","6,92","0,35","31,50","68,52","9,12",7147,19015,676759,23987,113965,84886,85870,72463,1131688,87438,294127,85818,1044250,83882,206689,85700,837561,24615,24533,23916,129752,331155,90262,,120428,,20376,120428,124720,143530,142817,151310,146003,129904,113111,104385,87775,69365,54408,42348,30909,23172,15805,1275519,143534,87338,1044646,1511213,"0,548","0,655","0,702","0,617","0,799","0,703"
29,2010000029,Bahia,2010,RURAL,"69,87","2,53","27,17","29,35","93,18","81,43","57,91","8,28","7,94","6,76","3,98","29,78","6,65","32,43","13,85","38,71","37,16","30,90","116,53","116,53","133,32","133,32","69,23","69,23","3,85","92,07","92,07","94,71","94,71","28,53","28,53","1,45","34,95","82,30","28,39","11,16","91,24","96,70","92,93","51,63","11,10","14,04","73,82","72,17","33,34","49,09","21,73","15,06","17,76","21,73","10,79","8,12","0,82","38,14","106,60","177,50","305,83","477,00","0,52","28,60","38,92","49,99","66,96","74,89","89,22","36,72","1,90","54,56","9,08","22,74","45,44","52,91","16,18","12,00","207,46","19,75","761,73","74,42","141,75","235,42","565,07","215,63","30,33","62,42","106,70","0,51","70,50","3,95","4,32","0,37","14,61","0,40","3,23","26,16","0,34","16,64","12,64","1,81","29,38","23,42","12,50","1,10","32,96","74,69","97,00","98,72","99,48","292,63","0,41","17,26","33,36","57,82","59,61","66,80","7,11","10,54","12,11","6,16","8,50","50,80","44,19","30,48",,"88,77","24,33","10,67","61,56","65,05","3,30","54,91","42,32","72,99","2,28","10,09","11,23","28,15","77,42","6,00",74035,86780,1514053,59536,339052,252579,255875,186051,2566365,260397,761689,249362,2305968,223065,501292,212191,1804676,66989,71184,71829,390665,990114,324255,,3914430,,73381,310416,373092,427809,412335,349354,314564,276169,236748,227131,198561,175675,152628,135693,110846,84509,55519,3229192,428968,260127,2540097,3896181,"0,217","0,540","0,538","0,398","0,748","0,523"
29,2010000029,Bahia,2010,URBANO,"72,97","1,90","19,36","20,93","95,69","86,78","45,71","92,10","8,96","3,58","2,12","11,28","2,54","12,00","3,97","14,16","25,75","20,35","119,19","119,19","126,50","126,50","98,63","98,63","25,87","92,81","92,81","94,68","94,68","41,21","41,21","10,29","45,00","84,29","31,97","14,58","94,38","96,95","93,63","40,68","6,72","13,83","83,58","81,63","47,66","70,58","54,82","51,22","34,34","43,87","38,70","37,52","8,39","137,50","248,50","382,50","666,67","1160,00","0,60","8,04","13,30","20,47","32,82","44,10","61,40","50,41","2,60","64,54","8,78","18,83","35,46","73,67","22,97","14,75","609,02","79,21","3070,23","188,13","306,07","506,47","1972,16","610,86","37,27","80,52","144,81","0,69","9,01","18,31","9,00","0,58","48,02","1,17","7,89","21,87","1,83","51,95","41,52","5,30","26,05","62,78","46,52","10,28","4,04","29,30","77,65","86,46","92,87","1053,20","0,55","6,81","26,64","66,50","66,46","77,99","27,91","33,05","23,08","12,06","14,55","92,80","90,57","26,91","95,35","99,43","3,54","1,72","31,30","55,00","3,05","25,33","16,35","37,83","2,01","8,55","0,57","32,79","66,65","9,20",61994,148676,4695880,149691,722066,539574,540800,450315,7623700,560143,1869954,555039,7063557,532003,1309811,526013,5753746,151266,158712,159322,848530,2130739,690223,,749468,,159020,749468,817556,911752,914946,955008,994297,894654,745601,676483,582394,488061,380998,301035,229406,178484,123313,8534917,910593,558101,7066223,10036837,"0,548","0,650","0,699","0,614","0,800","0,696"
31,2010000031,Minas Gerais,2010,RURAL,"74,25","2,29","17,20","19,72","93,12","81,30","51,43","8,93","8,56","2,16","1,84","17,90","3,00","19,27","5,83","22,37","23,16","19,63","104,71","104,71","116,42","116,42","71,84","71,84","6,90","90,44","90,44","93,89","93,89","41,20","41,20","4,02","22,85","76,86","19,19","6,44","80,66","96,25","91,16","33,62","4,74","9,60","85,99","84,05","49,96","56,82","24,00","17,74","25,54","26,48","11,63","8,80","1,83","107,00","190,00","300,00","509,50","660,00","0,52","12,19","18,32","28,48","45,01","54,38","75,21","39,67","2,85","54,80","10,93","24,16","45,20","67,13","14,51","9,83","366,96","52,26","1455,75","148,36","242,64","386,07","985,96","377,21","27,62","73,93","134,21","0,49","68,96","3,72","3,51","0,75","14,51","0,27","4,87","28,10","0,66","31,75","23,33","2,71","27,12","26,12","13,12","2,25","20,79","48,66","90,84","95,91","98,14","569,64","0,38","13,16","33,81","63,26","62,51","69,57","6,23","10,26","8,33","3,51","4,75","83,85","79,83","21,33",,"96,69","8,78","4,58","54,76","77,15","3,75","50,22","29,17","63,92","1,12","8,43","3,31","31,77","75,22","5,67",37418,57436,1244957,37501,227455,168042,172881,118166,1966176,169608,490785,160227,1796568,143579,321177,137764,1475391,44023,44906,45214,250693,647756,257449,,2882114,,47211,198336,238278,284776,267256,223529,212471,204965,194548,192711,182331,162673,144968,117823,92167,70685,47386,2445900,284354,169870,1991676,2859897,"0,240","0,605","0,608","0,445","0,821","0,615"
31,2010000031,Minas Gerais,2010,URBANO,"75,52","1,73","14,66","16,82","93,90","83,29","42,81","124,03","9,54","1,12","0,94","6,59","1,06","7,00","1,62","8,23","16,33","13,45","111,74","111,74","116,00","116,00","100,20","100,20","33,10","93,39","93,39","95,35","95,35","54,85","54,85","16,64","43,85","84,85","30,37","13,84","94,43","97,80","94,30","27,17","2,90","9,98","91,88","89,76","63,08","78,91","55,92","51,16","45,63","52,02","38,87","36,15","12,03","236,67","379,89","549,75","949,71","1516,75","0,55","1,99","4,00","7,96","15,67","24,46","40,77","45,47","3,69","60,00","11,15","22,58","40,00","73,66","16,31","10,73","815,58","150,66","3708,87","304,14","465,82","710,64","2439,16","816,06","37,43","93,36","168,99","0,54","7,55","16,30","8,70","1,00","46,84","0,98","12,99","19,12","2,26","66,73","51,21","7,29","18,35","63,79","45,73","13,82","2,09","14,60","69,94","82,67","91,37","1258,34","0,44","5,76","32,07","72,96","67,99","82,60","24,34","27,88","13,94","6,76","7,91","97,97","97,51","18,50","97,85","99,81","0,65","0,35","25,77","56,15","2,20","21,89","9,08","31,57","1,07","7,73","0,19","33,44","66,84","9,95",80887,280321,8272356,210302,1122516,832931,848161,641222,13042585,871962,2961984,863865,12170623,877709,2090022,891031,10080601,224380,229380,228601,1242205,3236683,1337738,,1078530,,282831,1078530,1190717,1403384,1452019,1509965,1492220,1390714,1221910,1181066,1112252,970986,776161,597554,449631,354543,250733,14445081,1403254,874059,12167769,16611208,"0,559","0,738","0,750","0,673","0,842","0,743"
32,2010000032,Espírito Santo,2010,RURAL,"74,05","2,10","16,14","18,62","91,93","80,65","46,71","7,49","8,70","1,63","1,22","15,14","2,59","16,28","4,53","19,05","20,51","17,80","101,13","101,13","112,53","112,53","69,67","69,67","9,20","89,44","89,44","93,76","93,76","43,56","43,56","5,42","27,67","73,99","16,57","5,09","83,05","96,33","90,39","27,58","3,47","6,84","87,40","85,97","54,80","59,97","27,67","21,13","30,42","31,61","14,24","10,72","1,98","128,83","224,40","340,00","510,00","750,40","0,48","7,65","11,32","22,19","35,64","47,83","67,49","36,40","3,78","51,33","12,59","26,69","48,67","72,35","11,56","8,26","397,00","75,13","1444,97","174,81","279,85","436,38","1031,91","406,30","28,31","81,02","144,62","0,40","73,14","4,14","2,44","1,09","12,11","0,29","3,42","38,00","0,57","29,88","18,04","2,32","29,03","29,95","15,74","2,39","15,66","52,51","90,36","95,48","98,27","560,26","0,35","18,81","44,34","72,00","70,83","77,03","3,96","7,16","6,61","2,58","2,64","94,76","93,25","18,87",,"99,70","3,43","1,77","52,01","72,33","3,67","46,43","25,34","60,20","0,53","5,61","0,30","27,17","72,72","2,55",10133,14742,289668,8055,43164,32113,32726,24403,399288,32539,101846,30929,366749,29475,69307,29107,297442,8674,9087,9143,48863,124566,43723,,583480,,8916,40935,47233,53881,52143,49703,48540,46541,42143,40420,37351,32692,28000,20175,15143,11468,8196,496074,53881,33248,408945,576591,"0,277","0,639","0,628","0,484","0,818","0,627"
32,2010000032,Espírito Santo,2010,URBANO,"75,32","1,75","13,75","15,87","92,70","82,61","42,58","101,17","9,50","1,35","1,06","6,62","1,10","7,01","1,63","8,29","16,17","13,10","108,50","108,50","113,53","113,53","94,14","94,14","33,44","92,39","92,39","94,71","94,71","52,70","52,70","16,60","48,39","82,47","28,71","12,69","92,66","97,12","93,32","26,57","2,64","8,72","90,47","88,57","62,71","79,90","60,57","56,41","47,71","54,38","43,41","41,05","12,84","249,83","399,75","602,50","1066,50","1791,67","0,55","1,68","3,34","7,03","13,75","22,67","37,80","45,42","3,52","60,72","10,52","21,54","39,28","75,37","17,27","11,52","898,18","158,05","4079,91","314,42","494,68","796,74","2721,11","898,67","37,63","94,74","170,54","0,55","5,29","17,70","9,29","1,62","48,78","1,07","10,52","19,24","2,73","67,71","52,92","6,66","17,24","68,02","50,48","14,78","1,51","12,98","65,52","78,87","88,99","1422,44","0,46","5,25","31,90","72,33","69,01","82,54","31,81","31,38","15,46","7,58","8,73","98,21","97,61","20,93","97,93","99,85","0,50","0,84","24,02","51,61","2,88","20,09","8,48","28,31","1,15","7,01","0,15","37,63","67,90","11,66",13050,47430,1457850,40064,197589,147674,149213,120876,2261879,150097,522882,148518,2111782,150829,372785,155285,1738997,41494,42724,42497,225774,573460,205894,,203506,,43368,203506,217662,248425,249386,273496,274092,253221,216571,204720,190418,166706,132422,94953,69236,54178,39112,2509777,248495,148672,2112610,2915662,"0,606","0,734","0,760","0,689","0,839","0,759"
33,2010000033,Rio de Janeiro,2010,RURAL,"73,42","2,10","17,51","20,20","91,58","79,65","47,17","7,83","8,14","1,87","1,88","13,95","2,19","14,90","4,47","17,28","30,11","25,17","111,28","111,28","124,66","124,66","72,75","72,75","8,77","91,94","91,94","95,22","95,22","35,66","35,66","4,23","40,85","82,06","23,82","8,62","92,00","96,61","92,86","43,69","5,67","11,71","78,79","77,33","42,58","62,26","34,82","29,67","28,47","32,37","19,15","16,67","3,26","155,20","254,67","372,50","548,75","800,67","0,47","5,34","8,29","17,47","29,68","43,35","62,38","37,44","4,22","52,16","13,26","26,95","47,84","73,13","11,30","7,83","443,48","93,50","1660,56","200,43","303,65","463,12","1150,97","451,42","26,16","85,73","156,13","0,39","33,39","9,04","8,81","1,14","35,65","0,80","7,23","25,88","0,86","45,01","36,80","2,98","27,73","37,98","21,84","3,70","7,02","27,95","85,97","93,54","97,40","736,88","0,27","7,02","25,13","63,99","63,97","74,69","12,93","15,81","13,94","6,53","7,86","88,78","88,26","29,57",,"99,22","7,99","1,42","47,87","59,15","3,39","43,26","23,53","51,41","1,54","7,01","0,78","32,25","70,18","8,66",3457,7278,236360,6919,39496,29521,29680,21491,359724,29102,88088,27742,330622,26288,58986,25667,271636,7719,7832,8062,43843,112441,41136,,525690,,7712,36194,41514,49657,46665,41423,40904,41232,38601,38017,34633,30337,25501,19876,15048,11132,7244,447694,49242,28964,369487,521163,"0,348","0,605","0,640","0,503","0,807","0,645"
33,2010000033,Rio de Janeiro,2010,URBANO,"75,18","1,67","14,00","16,16","92,61","82,40","42,93","145,70","9,22","1,58","0,95","3,91","0,97","4,10","1,37","4,67","20,65","16,43","118,31","118,31","122,30","122,30","106,99","106,99","34,87","93,36","93,36","94,69","94,69","48,64","48,64","15,75","48,42","87,07","34,23","15,47","93,53","96,97","94,39","35,17","4,37","12,64","87,24","84,55","56,21","79,77","65,62","63,08","43,45","52,30","46,40","45,34","14,66","254,86","420,67","650,00","1204,75","2130,50","0,59","1,86","3,85","6,88","13,86","21,55","37,02","49,26","3,02","64,23","9,25","19,20","35,77","69,76","21,30","13,88","1059,49","160,23","5218,67","329,85","526,83","877,92","3401,51","1060,55","35,60","91,32","169,21","0,64","1,05","16,83","8,16","0,95","56,37","1,11","8,67","19,94","1,99","67,65","53,99","6,26","16,78","72,00","53,53","16,92","1,34","10,73","62,33","76,47","86,73","1597,08","0,48","3,91","18,86","64,12","64,70","78,54","31,34","31,55","18,91","8,42","10,23","95,29","94,95","30,36","97,59","99,94","1,46","0,40","21,38","51,58","3,03","17,51","6,91","25,39","1,97","7,04","0,06","34,29","66,93","22,71",49135,139991,7416323,188610,996388,746199,748235,566495,12205965,744085,2484977,727086,11461880,731740,1740892,744191,9720988,196710,203875,202755,1106590,2847063,1386253,,951421,,297129,951421,1051477,1255376,1223611,1261366,1323444,1281539,1151824,1104854,1067314,969061,803356,633343,461819,365150,262155,13460479,1255867,742134,11462478,15374751,"0,656","0,701","0,766","0,686","0,836","0,785"
35,2010000035,São Paulo,2010,RURAL,"74,46","2,21","16,28","18,61","94,12","82,36","44,78","7,56","9,98","1,37","0,84","8,93","1,80","9,54","3,34","11,03","13,54","11,19","106,59","106,59","113,04","113,04","88,28","88,28","11,29","91,29","91,29","93,32","93,32","53,48","53,48","6,27","33,96","79,44","17,14","7,24","88,52","96,69","92,20","23,20","2,75","7,15","91,35","88,32","64,66","70,55","39,14","33,06","39,76","39,94","22,09","18,64","4,11","194,40","307,33","466,67","699,17","1003,33","0,49","3,19","4,85","11,26","19,98","31,96","50,10","39,88","4,28","54,28","13,00","26,29","45,72","76,42","12,27","8,34","574,59","122,83","2291,35","250,62","381,80","558,17","1558,12","580,17","26,58","88,19","162,38","0,43","43,06","7,04","5,47","0,33","26,65","0,56","10,26","23,45","1,21","53,95","46,43","1,48","20,63","43,43","25,72","4,87","7,86","24,18","80,77","90,84","96,08","913,71","0,36","7,42","32,22","64,97","64,44","67,96","10,59","16,20","10,16","4,41","5,69","92,11","91,39","27,93",,"99,22","4,44","1,87","35,27","66,04","3,31","33,58","13,70","43,09","1,02","5,47","0,78","35,45","65,27","10,12",11332,28832,770781,20967,121677,90663,91507,65925,1159730,88790,283618,84537,1070940,82007,194828,82570,876112,24156,24749,24497,133867,344334,126738,,1676948,,21846,111629,127710,152583,142757,140861,140866,135620,125296,118104,109354,97299,81620,66511,48024,34896,21972,1438180,152655,89472,1196053,1591630,"0,391","0,711","0,691","0,583","0,824","0,687"
35,2010000035,São Paulo,2010,URBANO,"75,76","1,64","13,73","15,71","94,84","84,40","41,33","121,22","10,35","1,05","0,83","4,06","0,89","4,27","1,17","4,93","10,89","8,77","114,38","114,38","114,25","114,25","114,75","114,75","37,44","92,98","92,98","93,69","93,69","61,87","61,87","17,34","51,49","85,62","29,65","15,23","94,76","97,09","94,09","20,21","2,59","8,46","93,22","89,84","71,52","83,51","63,88","60,06","52,86","58,62","45,79","43,30","15,55","300,00","499,83","733,25","1254,67","2083,50","0,56","1,08","2,19","4,39","8,84","15,49","27,58","46,83","3,62","61,45","10,74","21,44","38,55","75,97","17,45","11,42","1105,08","199,90","5175,38","393,29","591,73","945,27","3386,24","1105,46","36,95","93,72","174,29","0,57","2,74","15,60","6,91","0,17","49,22","0,89","16,37","18,28","2,39","72,13","60,16","3,66","14,52","71,84","53,64","17,86","1,31","10,23","58,76","74,52","86,58","1679,96","0,45","4,89","31,96","75,27","68,98","83,05","31,96","31,81","14,59","7,15","8,08","97,60","97,36","28,68","99,62","99,93","0,45","0,74","17,78","48,51","2,91","15,71","4,59","25,27","1,19","6,93","0,07","37,48","66,28","21,25",155135,607200,20150630,499394,2528934,1888736,1902376,1521909,31116255,1901457,6657978,1874293,29214798,1933466,4756521,1996326,24458277,530211,539890,529772,2836429,7266820,3107689,,2563743,,645962,2563743,2732923,3172330,3161151,3496827,3648923,3420827,3058825,2862570,2643769,2338805,1906371,1470498,1061062,821309,579356,34285074,3172903,1900053,29212118,39352473,"0,639","0,781","0,788","0,730","0,846","0,792"
41,2010000041,Paraná,2010,RURAL,"74,30","2,34","13,90","16,01","93,31","82,68","48,33","8,06","9,88","1,11","0,99","10,68","1,70","11,53","2,84","13,30","17,57","14,72","103,70","103,70","113,04","113,04","78,64","78,64","13,31","90,50","90,50","93,18","93,18","48,29","48,29","8,34","23,92","76,62","20,76","6,85","81,41","96,91","91,40","25,67","3,40","8,01","89,48","87,11","59,67","66,40","31,02","24,66","36,76","37,31","16,60","12,88","2,41","159,33","264,25","408,67","633,33","931,43","0,50","6,75","10,23","17,07","27,76","38,99","56,74","38,86","3,52","53,94","12,06","25,53","46,06","74,75","12,89","8,96","498,44","87,75","1936,84","212,71","335,78","511,72","1345,54","507,98","27,18","77,07","147,36","0,45","65,58","4,35","3,82","0,35","14,64","0,35","7,49","40,41","0,66","43,89","25,78","1,27","16,77","34,96","19,25","3,08","16,68","42,92","85,11","92,76","96,90","732,22","0,41","19,82","45,00","72,15","70,63","77,31","2,64","7,65","5,42","2,21","3,23","94,27","89,00","19,71",,"98,20","4,13","3,78","43,81","76,08","3,09","41,69","19,38","51,83","0,74","6,23","1,80","28,20","74,56","6,24",29463,41689,751036,19561,119647,88118,91450,61002,1046134,92504,255480,86004,953630,73960,162976,69955,790654,22861,23696,23017,128236,340387,123440,,1531834,,20577,104094,122303,149276,143123,112357,107279,107549,110027,112722,105193,92073,79173,63225,47002,33939,21922,1304628,148661,92636,1063330,1512563,"0,310","0,668","0,656","0,517","0,822","0,664"
41,2010000041,Paraná,2010,URBANO,"74,92","1,80","12,89","14,85","93,72","83,67","43,03","109,09","10,54","0,93","0,78","5,43","0,78","5,77","1,15","6,81","14,02","11,59","109,35","109,35","112,62","112,62","100,52","100,52","39,49","91,93","91,93","93,45","93,45","54,72","54,72","20,03","45,78","81,46","31,89","14,64","92,02","97,67","93,29","22,27","2,56","8,30","92,72","89,88","66,74","80,35","59,58","55,29","49,83","55,09","42,15","39,47","14,50","293,33","471,67","674,00","1139,33","1836,67","0,53","1,15","2,27","4,65","9,29","16,41","28,27","43,38","4,02","58,29","11,92","23,61","41,71","77,64","14,56","9,78","957,83","192,38","4155,31","378,29","560,28","866,42","2789,70","958,17","38,36","94,35","174,51","0,50","5,67","17,23","8,02","0,24","45,79","1,17","15,97","19,60","3,32","69,31","55,66","4,57","15,31","67,84","49,25","16,41","1,83","12,86","62,39","77,67","88,81","1476,17","0,43","6,28","37,23","76,30","70,93","84,91","20,90","23,26","10,43","4,90","5,55","98,67","98,00","16,37","99,18","99,84","0,43","1,68","22,12","54,22","2,33","20,27","6,73","28,22","0,66","7,24","0,16","35,23","70,91","10,04",47776,176297,4556458,118767,607087,449682,460922,358974,6896865,473408,1574483,466816,6423457,469451,1101075,472632,5322382,126569,127973,124813,670824,1751319,665388,,609943,,125022,609943,646089,759795,785508,788975,772953,728828,677343,653926,594991,500545,409506,318902,238178,179717,122471,7657959,760738,473512,6423709,8867232,"0,596","0,753","0,764","0,697","0,832","0,769"
42,2010000042,Santa Catarina,2010,RURAL,"75,17","2,10","13,78","15,97","94,14","83,43","45,71","8,55","9,98","0,96","0,69","7,09","1,14","7,61","2,28","8,78","14,63","12,50","103,26","103,26","110,82","110,82","83,26","83,26","15,13","90,98","90,98","93,76","93,76","51,28","51,28","9,44","35,35","77,32","19,79","7,96","88,35","97,53","91,98","22,88","2,65","7,03","93,90","91,52","66,40","76,48","34,89","27,34","43,65","44,97","18,86","14,12","2,68","250,00","403,33","570,00","866,60","1203,33","0,46","3,27","5,34","8,70","15,42","22,49","36,31","35,78","4,36","50,67","14,00","28,55","49,33","76,90","10,22","7,24","674,49","146,95","2413,54","325,32","490,73","700,72","1710,21","681,40","24,38","79,06","156,82","0,38","56,74","4,97","3,95","0,35","14,97","0,49","14,55","43,99","1,06","50,31","30,27","1,64","10,51","39,50","21,87","3,39","13,57","31,72","77,78","89,28","95,77","911,75","0,36","22,18","53,38","82,17","75,81","85,00","2,44","4,83","3,14","1,34","1,72","94,92","92,26","13,30",,"99,57","2,76","2,05","38,44","64,65","2,47","36,01","10,92","46,05","0,29","6,30","0,43","26,39","75,11","4,83",20064,30569,541435,11954,72459,53672,54841,37328,701751,56890,167288,53694,644861,49394,110398,47969,534463,13944,14287,14608,78066,207415,85578,,1000523,,15823,63479,74423,90389,90147,77141,73672,68965,70481,74119,73095,63031,53619,42384,31165,23134,15456,861904,90440,57262,714202,993556,"0,349","0,731","0,698","0,571","0,836","0,713"
42,2010000042,Santa Catarina,2010,URBANO,"76,93","1,66","11,07","12,84","95,16","86,21","39,35","101,64","10,30","0,79","0,67","3,47","0,69","3,66","0,86","4,29","12,39","10,10","107,34","107,34","110,16","110,16","99,80","99,80","40,68","91,94","91,94","94,00","94,00","55,47","55,47","20,76","52,99","80,78","30,69","14,97","91,75","97,88","93,22","20,99","1,95","7,31","94,64","92,08","69,78","84,53","63,33","58,82","53,22","58,55","44,41","41,40","14,41","372,80","559,80","800,00","1264,67","1962,50","0,48","0,58","1,24","2,68","5,75","10,43","19,49","39,43","4,71","54,14","13,69","26,67","45,86","76,54","11,52","7,92","1042,81","245,39","4111,63","468,53","676,78","1000,22","2826,36","1043,07","37,76","96,57","179,45","0,41","4,35","16,82","8,01","0,29","42,67","1,02","21,99","18,44","3,73","76,44","60,41","5,08","10,62","71,02","51,01","15,83","1,97","8,88","58,10","76,36","89,09","1497,19","0,36","5,84","41,59","82,00","73,40","88,07","17,62","18,98","7,57","3,80","4,12","98,44","97,91","13,12","99,31","99,86","0,40","1,56","19,52","47,01","2,12","17,32","4,22","23,31","0,20","6,47","0,14","36,11","68,45","5,43",25079,112084,2821733,67100,343646,255440,259350,201862,4113891,269298,943556,268735,3844593,281988,674258,288847,3170335,71003,71770,70115,376340,989284,347865,,342266,,64914,342266,362362,429394,455039,488517,492811,442183,400608,390099,368552,303949,243182,181086,126192,93843,62916,4542980,429118,269508,3844353,5217743,"0,633","0,773","0,789","0,723","0,866","0,783"
43,2010000043,Rio Grande do Sul,2010,RURAL,"73,18","2,10","15,76","18,18","92,86","80,59","46,55","11,57","9,75","1,16","0,94","8,26","1,50","8,76","2,44","9,82","17,09","13,08","101,88","101,88","113,11","113,11","72,25","72,25","15,17","91,15","91,15","94,11","94,11","47,92","47,92","9,64","20,68","78,64","19,85","6,02","75,95","97,04","91,98","28,12","2,67","6,87","91,63","89,92","61,68","71,73","29,71","23,58","36,17","37,20","13,94","10,55","2,16","199,80","349,75","510,00","833,33","1182,00","0,50","5,38","9,56","12,65","23,66","29,12","48,49","38,48","3,40","53,56","11,87","25,88","46,44","70,68","12,97","9,08","642,39","109,23","2471,98","271,89","450,18","660,18","1730,17","650,82","28,40","75,05","147,47","0,46","71,28","3,56","2,53","0,47","12,04","0,26","6,93","49,28","0,69","40,22","18,74","2,06","10,88","32,52","15,51","2,48","19,55","44,32","82,74","91,14","96,19","770,12","0,44","24,46","50,77","79,31","75,92","83,71","1,82","4,48","3,63","1,29","2,08","94,95","91,14","13,68",,"99,23","3,05","2,63","44,79","79,32","2,96","43,02","14,86","52,71","0,31","7,10","0,77","23,79","77,36","3,91",31355,41266,903734,16089,102814,76122,77610,50770,1166292,81161,232972,75853,1085131,68883,151811,66445,933320,19419,20462,20589,111902,295877,184358,,1593638,,35625,86637,106326,128852,127716,105256,103054,99808,105531,117240,122308,114510,105698,86344,65141,49129,34463,1399843,128193,81279,1190371,1581187,"0,297","0,664","0,660","0,508","0,803","0,705"
43,2010000043,Rio Grande do Sul,2010,URBANO,"75,99","1,72","11,49","13,27","94,83","85,11","42,59","145,38","10,04","1,18","0,92","3,78","0,87","3,98","1,02","4,56","16,73","12,40","108,69","108,69","114,25","114,25","93,44","93,44","43,20","92,54","92,54","94,41","94,41","50,58","50,58","19,76","37,72","83,51","32,78","16,89","80,57","97,28","93,60","29,45","3,02","9,21","91,96","90,22","61,02","80,32","60,98","57,36","44,96","52,30","41,93","39,98","12,95","291,43","499,67","714,67","1205,75","1987,50","0,54","1,39","3,07","5,27","11,54","16,82","31,40","44,04","3,67","59,03","11,26","22,77","40,97","71,54","15,64","10,47","1014,68","186,07","4468,54","385,45","583,86","922,96","2991,12","1015,18","38,82","92,41","169,59","0,52","4,78","16,90","7,45","0,22","47,29","1,02","17,34","20,68","3,10","71,65","53,57","6,71","14,10","69,08","49,31","14,35","2,11","12,85","63,14","78,24","89,08","1446,12","0,43","4,92","34,14","76,11","69,18","85,17","19,65","23,10","10,80","5,19","6,35","98,27","97,40","16,70","99,24","99,79","0,51","2,14","24,03","62,28","2,72","20,67","6,84","26,93","0,52","6,48","0,21","33,54","68,54","7,91",36102,153591,4665781,108497,582090,433517,436672,328253,7192602,450506,1513671,441386,6742096,450046,1063165,457025,5678931,117586,119537,120021,648737,1681333,810255,,557325,,166276,557325,617433,732931,748021,765650,790945,708483,639588,643125,650328,578756,478811,378640,278438,212916,152625,7927853,733465,449857,6744530,9037134,"0,610","0,696","0,761","0,666","0,850","0,778"
50,2010000050,Mato Grosso do Sul,2010,RURAL,"74,24","2,71","19,95","23,60","92,76","81,95","54,64","5,97","8,82","2,32","2,14","14,13","2,84","15,23","5,57","17,63","23,82","18,71","100,99","100,99","113,81","113,81","61,36","61,36","9,14","87,52","87,52","91,23","91,23","32,57","32,57","5,18","17,56","72,97","19,79","6,41","71,71","93,15","88,22","38,22","5,49","8,28","82,96","80,95","40,67","51,00","27,26","22,64","19,50","22,93","12,68","10,68","2,40","113,20","203,00","320,00","510,00","764,00","0,53","13,37","20,24","26,11","39,84","51,21","70,55","40,53","2,30","55,96","10,28","23,17","44,04","77,97","15,78","11,02","399,66","45,98","1619,69","159,35","257,72","416,97","1131,31","417,24","22,67","64,94","131,43","0,51","70,70","3,55","2,94","0,08","14,95","0,26","4,03","23,07","1,01","47,09","38,91","2,29","19,20","28,92","13,87","2,84","16,91","36,48","84,55","93,70","97,30","720,27","0,33","13,21","29,96","57,67","65,98","67,20","4,49","7,84","6,92","2,58","3,71","81,34","78,05","32,49",,"91,63","16,36","11,53","56,53","82,44","6,85","51,82","30,47","52,21","1,09","6,13","8,37","36,91","70,09","8,76",4895,6245,150405,6397,29226,21702,22064,18888,223235,20643,58121,19119,202592,16690,37478,15918,165114,6956,6948,6872,35224,85093,21002,,351786,,3355,31904,34512,36886,31930,26191,27033,26902,25249,23589,21789,18399,15109,11291,8511,5698,3438,285862,37046,20846,227971,341079,"0,273","0,537","0,605","0,429","0,821","0,629"
50,2010000050,Mato Grosso do Sul,2010,URBANO,"75,13","1,96","17,71","20,97","93,32","83,28","44,89","88,43","10,32","1,06","0,72","6,45","0,97","6,92","1,57","8,25","16,59","11,95","109,88","109,88","117,86","117,86","88,73","88,73","36,35","91,95","91,95","94,36","94,36","47,28","47,28","17,41","44,14","80,60","29,97","14,73","92,97","97,69","93,01","29,80","3,29","8,66","91,79","89,77","57,80","75,88","57,69","53,61","43,48","50,04","40,80","38,73","13,52","248,00","398,33","590,00","1003,33","1668,33","0,55","1,93","3,58","7,26","13,78","22,83","36,97","45,37","3,63","60,15","10,91","22,21","39,85","80,30","16,63","11,02","864,89","156,87","3923,87","315,10","488,47","763,06","2601,45","865,58","38,10","91,73","168,79","0,54","6,98","18,53","8,94","0,23","49,80","0,97","10,49","20,67","2,97","61,23","44,19","10,37","20,21","64,99","47,45","15,26","1,87","14,59","66,04","79,29","89,23","1435,55","0,48","5,91","34,87","73,99","71,29","82,95","22,28","24,12","12,89","6,14","6,77","97,06","96,33","23,73","98,64","99,78","1,88","1,31","25,93","55,86","2,31","22,53","9,52","31,13","0,76","7,26","0,22","33,67","65,52","8,23",10936,41432,1047883,31886,148348,109358,112978,94397,1588827,117772,387800,116127,1471055,114671,270028,114667,1201027,32654,33026,32388,167145,433265,141396,,159892,,27692,159892,163317,185202,194061,193739,190221,173638,156296,144990,132910,109190,86805,65581,49688,38291,25725,1773861,185042,118832,1469986,2079587,"0,577","0,715","0,748","0,666","0,836","0,753"
51,2010000051,Mato Grosso,2010,RURAL,"73,43","2,84","18,77","22,65","92,29","81,01","50,57","5,59","8,31","3,59","2,32","14,67","4,04","15,73","5,34","18,10","23,22","20,13","108,68","108,68","116,93","116,93","83,33","83,33","8,93","88,21","88,21","89,61","89,61","40,30","40,30","4,37","20,87","78,13","23,36","9,97","71,60","92,79","89,19","34,68","6,87","10,70","83,48","79,92","51,03","56,90","30,06","24,63","25,74","27,05","14,50","11,96","2,42","101,80","212,00","340,00","539,00","817,50","0,55","15,54","20,76","26,87","38,03","48,45","64,02","42,14","1,54","57,51","8,86","21,78","42,49","81,06","19,02","12,99","428,95","32,93","1807,77","157,13","277,12","444,17","1234,66","464,99","17,59","55,63","120,72","0,52","65,92","4,13","3,02","0,66","15,77","0,29","4,01","30,23","0,64","40,66","30,56","4,03","19,29","33,33","16,88","3,17","16,59","34,49","78,88","91,08","96,64","842,39","0,35","13,21","30,41","55,44","61,76","64,45","5,46","10,09","6,58","3,29","3,81","76,75","73,48","31,44",,"90,06","14,23","12,53","47,59","79,13","7,21","45,40","25,03","56,03","0,49","8,19","9,94","35,01","72,52","4,36",7409,9582,226021,9275,44500,32943,33653,28291,357169,31715,93414,29817,325454,26750,61699,25965,263755,9982,10388,10296,52472,128687,30858,,552321,,4243,47285,51366,55994,49585,43829,45241,43904,40507,38018,34182,29046,24258,18248,12991,8670,4954,453542,56076,31510,365956,540024,"0,301","0,580","0,622","0,466","0,807","0,640"
51,2010000051,Mato Grosso,2010,URBANO,"74,49","1,95","16,24","19,60","92,97","82,56","43,31","63,74","9,53","1,23","0,98","7,12","1,13","7,63","1,93","9,21","15,57","12,94","112,58","112,58","115,77","115,77","103,93","103,93","36,92","91,59","91,59","93,67","93,67","52,14","52,14","17,41","39,93","82,27","31,93","16,04","90,71","97,11","93,11","25,34","3,56","10,05","91,56","88,63","64,63","77,24","58,14","53,50","45,55","50,04","40,08","37,67","12,25","250,00","395,83","582,00","999,00","1600,00","0,54","1,97","3,41","6,94","12,28","22,30","35,00","44,01","3,82","59,16","11,42","22,98","40,84","83,27","15,41","10,16","835,50","159,64","3676,70","317,40","483,03","746,17","2422,70","837,01","33,80","90,01","168,87","0,52","9,20","17,55","7,95","0,62","45,67","0,79","9,24","20,74","2,33","60,38","45,38","8,72","20,67","64,64","45,95","13,74","2,56","13,02","63,88","79,01","89,65","1416,12","0,44","7,94","37,13","72,11","72,03","80,98","20,65","24,15","11,91","6,20","6,85","94,84","94,07","25,52","97,11","99,75","3,18","1,82","23,87","60,07","2,89","21,05","8,23","30,54","0,51","6,17","0,25","34,81","63,60","6,13",17906,52797,1236433,39000,180323,132809,137331,116878,1857811,142790,476994,140331,1715021,139536,334204,141457,1380817,40854,41631,39961,206398,529511,125343,,196638,,21480,196638,202743,225609,234797,242197,238926,221766,194978,175330,150425,119719,89153,65177,47476,34490,21897,2084118,225431,142214,1716473,2468247,"0,581","0,731","0,747","0,677","0,825","0,747"
52,2010000052,Goiás,2010,RURAL,"74,47","2,58","14,20","16,56","93,25","82,50","47,16","7,80","9,07","1,93","1,11","15,14","2,43","16,14","4,67","18,25","20,94","17,75","107,59","107,59","115,89","115,89","81,70","81,70","10,63","90,83","90,83","92,51","92,51","42,62","42,62","5,61","20,28","79,55","21,32","7,76","75,67","95,89","91,93","33,77","4,41","9,99","86,79","84,04","52,35","60,91","29,66","24,86","28,80","29,81","14,54","12,20","2,30","152,00","254,80","389,33","604,50","902,00","0,53","8,99","11,42","18,18","27,56","42,04","60,12","42,02","2,93","56,91","10,96","23,44","43,09","76,79","15,33","10,30","498,95","73,04","2096,57","200,46","311,16","490,32","1408,57","520,47","18,37","65,61","144,82","0,48","64,04","3,81","3,28","0,54","19,18","0,32","3,73","27,16","0,87","36,44","28,84","2,95","25,96","31,35","15,93","2,77","16,27","32,41","80,00","91,75","96,26","832,88","0,37","14,08","32,85","61,74","64,74","68,05","8,28","13,07","8,41","3,73","5,11","88,11","86,15","19,25",,"94,95","7,19","4,60","47,76","79,72","4,11","47,12","21,92","56,36","0,80","6,37","5,05","33,58","76,16","9,36",7591,9676,266224,7830,42884,31981,32365,24120,396728,29530,85004,27211,367198,23678,55474,23116,311724,8892,9266,9170,48773,121187,45500,,583074,,6498,40421,47092,53831,45393,39611,43365,46582,45002,43592,40179,35857,31423,25226,18618,12788,7596,494597,53923,29453,411221,570734,"0,297","0,609","0,640","0,479","0,825","0,664"
52,2010000052,Goiás,2010,URBANO,"74,62","1,82","13,92","16,24","93,34","82,72","43,02","83,10","9,79","1,18","0,80","6,92","1,01","7,39","1,79","8,84","15,29","12,28","110,83","110,83","114,26","114,26","101,27","101,27","33,81","92,25","92,25","93,46","93,46","53,04","53,04","17,15","34,02","83,94","31,28","13,35","86,45","96,92","93,49","26,77","3,18","10,08","91,39","88,63","63,82","78,57","57,69","52,94","45,87","51,70","39,94","37,26","11,18","253,33","394,00","573,25","998,75","1560,00","0,54","1,61","2,93","6,47","12,08","22,33","36,05","45,36","3,90","59,72","11,42","22,81","40,28","80,31","15,89","10,45","844,00","164,44","3828,22","317,35","480,61","737,21","2518,51","844,64","35,90","93,88","173,84","0,53","5,67","17,41","9,33","0,44","47,00","1,03","12,87","21,59","2,29","58,83","44,96","7,61","22,02","64,00","45,56","12,53","1,87","12,81","66,71","81,05","90,40","1364,58","0,45","8,37","38,03","73,54","71,43","81,90","22,99","22,79","11,82","5,96","6,86","94,87","94,45","19,26","98,65","99,86","2,98","0,75","24,26","65,98","3,08","21,81","8,18","31,15","1,50","6,40","0,14","34,00","67,95","16,26",39971,111974,2733290,77636,381194,283230,288103,235335,4120509,292871,1002725,291066,3827638,295539,709854,299181,3117784,83071,84248,83479,437320,1111385,330288,,397443,,60429,397443,425635,477127,488197,514528,513237,485690,428630,387409,331545,269509,210865,160611,119812,91064,58983,4598077,477368,294412,3826296,5391708,"0,577","0,719","0,745","0,668","0,827","0,749"
53,2010000053,Distrito Federal,2010,RURAL,"73,81","2,31","22,17","25,06","92,34","80,95","46,53","4,31","8,83","2,42","0,40","11,01","2,75","11,89","5,80","14,14","24,99","21,85","110,99","110,99","119,65","119,65","84,13","84,13","15,61","91,56","91,56","94,66","94,66","44,22","44,22","6,65","21,41","82,92","22,61","11,49","86,73","95,84","92,69","34,97","6,27","9,23","85,51","82,06","55,17","60,47","45,87","42,28","33,18","33,83","28,66","27,39","6,48","166,67","268,75","466,67","865,75","1833,33","0,62","5,48","6,80","16,03","25,83","37,63","54,51","50,54","2,52","66,93","8,18","17,33","33,07","74,29","24,72","16,23","772,49","97,36","3904,47","218,58","353,24","608,14","2563,61","787,38","28,52","83,69","151,72","0,68","33,11","8,25","6,15","0,13","41,30","1,13","6,05","22,00","1,63","51,88","42,48","5,04","20,12","48,98","32,60","7,09","9,61","20,41","73,58","83,96","89,57","1226,92","0,46","10,24","32,22","61,30","64,76","67,96","7,78","22,31","13,43","6,85","7,64","89,54","88,81","32,62",,"98,98","6,85","4,93","41,20","78,59","4,16","32,20","17,89","39,20","1,99","1,86","1,02","36,77","38,82","17,87",901,1592,38948,1342,6972,5230,5289,4316,56916,4952,16834,4738,51964,4874,11882,5021,40082,1476,1620,1619,8323,20247,3794,,87950,,596,7219,8106,8809,8199,8635,8663,8174,6900,5963,4797,3801,2802,2088,1563,1022,613,73880,8798,4943,60139,83073,"0,459","0,651","0,702","0,579","0,814","0,734"
53,2010000053,Distrito Federal,2010,URBANO,"77,53","1,74","13,64","15,43","94,67","86,44","39,92","68,10","9,91","0,91","0,74","3,37","0,65","3,55","1,09","4,20","15,89","13,22","115,08","115,08","115,73","115,73","113,20","113,20","58,40","94,23","94,23","95,42","95,42","58,23","58,23","25,21","43,71","88,65","39,61","19,13","92,71","97,61","95,31","26,61","3,03","10,56","91,15","89,04","66,76","84,18","73,22","70,77","54,26","61,52","57,28","56,34","24,53","303,33","540,00","1000,00","2333,33","4130,00","0,62","1,05","2,06","4,56","8,70","15,27","25,98","49,02","2,28","66,59","7,09","15,68","33,41","76,66","27,64","18,87","1746,93","199,13","8563,81","420,48","750,05","1548,56","5845,82","1747,30","39,15","95,23","173,27","0,75","0,91","14,73","6,28","0,07","63,11","0,94","4,20","16,03","1,88","72,21","52,36","14,17","14,61","77,21","61,84","25,07","1,34","8,10","50,31","62,10","72,68","2621,92","0,63","4,66","27,84","72,18","74,66","84,70","35,75","39,38","17,02","7,60","8,90","96,61","96,26","23,17","98,87","99,95","0,51","1,22","16,17","56,29","2,39","11,68","4,56","18,04","1,38","4,87","0,05","31,62","65,40","22,71",9804,35059,1322105,35794,166524,124908,124723,107839,1897851,126650,449704,126176,1771201,130853,323054,134015,1448147,37728,37999,37576,197975,491149,123852,,181861,,22026,181861,192598,209900,212546,237158,259769,244624,205819,181797,152296,119336,92775,67879,46512,34630,20684,2107023,210293,125929,1770801,2460729,"0,732","0,762","0,829","0,752","0,876","0,866"
